<?xml version="1.0" encoding="UTF-8"?>
<config date="1557748722662" transient="false">
	<site updateable="true" url="file:/C:/Users/htcuser/.p2/pool/" enabled="true" policy="MANAGED-ONLY">
		<feature id="org.eclipse.mylyn.commons.notifications" version="1.16.0.v20180904-2231" url="features/org.eclipse.mylyn.commons.notifications_1.16.0.v20180904-2231/" plugin-identifier="org.eclipse.mylyn.commons.core">
		</feature>
		<feature id="org.eclipse.equinox.p2.user.ui" version="2.4.300.v20190220-1158" url="features/org.eclipse.equinox.p2.user.ui_2.4.300.v20190220-1158/">
		</feature>
		<feature id="org.eclipse.oomph.setup" version="1.13.0.v20190511-0841" url="features/org.eclipse.oomph.setup_1.13.0.v20190511-0841/">
		</feature>
		<feature id="org.eclipse.rcp" version="4.11.0.v20190307-0500" url="features/org.eclipse.rcp_4.11.0.v20190307-0500/">
		</feature>
		<feature id="org.eclipse.mylyn.wikitext_feature" version="3.0.25.201806201740" url="features/org.eclipse.mylyn.wikitext_feature_3.0.25.201806201740/" plugin-identifier="org.eclipse.mylyn.wikitext">
		</feature>
		<feature id="org.eclipse.eclemma.feature" version="3.1.2.201903112331" url="features/org.eclipse.eclemma.feature_3.1.2.201903112331/" plugin-identifier="org.eclipse.eclemma.ui">
		</feature>
		<feature id="org.eclipse.oomph.setup.core" version="1.13.0.v20190511-0841" url="features/org.eclipse.oomph.setup.core_1.13.0.v20190511-0841/">
		</feature>
		<feature id="org.eclipse.e4.rcp" version="1.6.400.v20190305-0602" url="features/org.eclipse.e4.rcp_1.6.400.v20190305-0602/">
		</feature>
		<feature id="org.eclipse.equinox.p2.discovery.feature" version="1.2.200.v20190129-1112" url="features/org.eclipse.equinox.p2.discovery.feature_1.2.200.v20190129-1112/">
		</feature>
		<feature id="org.eclipse.mylyn.commons.identity" version="1.16.0.v20180904-2231" url="features/org.eclipse.mylyn.commons.identity_1.16.0.v20180904-2231/" plugin-identifier="org.eclipse.mylyn.commons.core">
		</feature>
		<feature id="org.eclipse.platform" version="4.11.0.v20190307-0500" url="features/org.eclipse.platform_4.11.0.v20190307-0500/">
		</feature>
		<feature id="org.eclipse.emf.common" version="2.15.0.v20181220-0846" url="features/org.eclipse.emf.common_2.15.0.v20181220-0846/">
		</feature>
		<feature id="org.eclipse.oomph.p2" version="1.12.0.v20190323-1130" url="features/org.eclipse.oomph.p2_1.12.0.v20190323-1130/">
		</feature>
		<feature id="org.eclipse.egit" version="5.3.0.201903130848-r" url="features/org.eclipse.egit_5.3.0.201903130848-r/">
		</feature>
		<feature id="org.eclipse.ecf.core.feature" version="1.5.3.v20181012-2020" url="features/org.eclipse.ecf.core.feature_1.5.3.v20181012-2020/">
		</feature>
		<feature id="org.eclipse.mylyn.commons.repositories" version="1.16.0.v20180904-2231" url="features/org.eclipse.mylyn.commons.repositories_1.16.0.v20180904-2231/" plugin-identifier="org.eclipse.mylyn.commons.core">
		</feature>
		<feature id="org.eclipse.userstorage" version="1.2.0.v20190308-0433" url="features/org.eclipse.userstorage_1.2.0.v20190308-0433/">
		</feature>
		<feature id="org.eclipse.egit.mylyn" version="5.3.0.201903130848-r" url="features/org.eclipse.egit.mylyn_5.3.0.201903130848-r/" plugin-identifier="org.eclipse.egit">
		</feature>
		<feature id="org.eclipse.buildship" version="3.0.1.v20181217-1554" url="features/org.eclipse.buildship_3.0.1.v20181217-1554/" plugin-identifier="org.eclipse.buildship.branding">
		</feature>
		<feature id="org.eclipse.epp.package.common.feature" version="4.11.0.20190314-1200" url="features/org.eclipse.epp.package.common.feature_4.11.0.20190314-1200/">
		</feature>
		<feature id="org.eclipse.ecf.core.ssl.feature" version="1.1.100.v20180301-0201" url="features/org.eclipse.ecf.core.ssl.feature_1.1.100.v20180301-0201/">
		</feature>
		<feature id="org.eclipse.m2e.logback.feature" version="1.11.0.20190220-2119" url="features/org.eclipse.m2e.logback.feature_1.11.0.20190220-2119/" plugin-identifier="org.eclipse.m2e.logback.configuration">
		</feature>
		<feature id="org.eclipse.ecf.filetransfer.httpclient4.ssl.feature" version="1.1.100.v20180301-0132" url="features/org.eclipse.ecf.filetransfer.httpclient4.ssl.feature_1.1.100.v20180301-0132/">
		</feature>
		<feature id="org.eclipse.mylyn.commons.repositories.http" version="1.16.0.v20180904-2231" url="features/org.eclipse.mylyn.commons.repositories.http_1.16.0.v20180904-2231/" plugin-identifier="org.eclipse.mylyn.commons.core">
		</feature>
		<feature id="org.eclipse.tips.feature" version="0.2.400.v20190218-1605" url="features/org.eclipse.tips.feature_0.2.400.v20190218-1605/">
		</feature>
		<feature id="org.eclipse.ecf.filetransfer.httpclient4.feature" version="3.14.4.v20181013-2146" url="features/org.eclipse.ecf.filetransfer.httpclient4.feature_3.14.4.v20181013-2146/">
		</feature>
		<feature id="org.eclipse.equinox.p2.extras.feature" version="1.4.300.v20190218-2100" url="features/org.eclipse.equinox.p2.extras.feature_1.4.300.v20190218-2100/">
		</feature>
		<feature id="org.eclipse.jdt" version="3.17.0.v20190307-0500" url="features/org.eclipse.jdt_3.17.0.v20190307-0500/">
		</feature>
		<feature id="org.eclipse.equinox.p2.rcp.feature" version="1.4.300.v20190220-1158" url="features/org.eclipse.equinox.p2.rcp.feature_1.4.300.v20190220-1158/">
		</feature>
		<feature id="org.eclipse.mylyn.ide_feature" version="3.24.2.v20180905-0014" url="features/org.eclipse.mylyn.ide_feature_3.24.2.v20180905-0014/" plugin-identifier="org.eclipse.mylyn.context.core">
		</feature>
		<feature id="org.eclipse.epp.mpc" version="1.7.5.v20190313-2005" url="features/org.eclipse.epp.mpc_1.7.5.v20190313-2005/" plugin-identifier="org.eclipse.epp.mpc.ui">
		</feature>
		<feature id="org.eclipse.jgit.ssh.apache" version="5.3.0.201903130848-r" url="features/org.eclipse.jgit.ssh.apache_5.3.0.201903130848-r/">
		</feature>
		<feature id="org.eclipse.mylyn.hudson" version="1.16.0.v20180403-2055" url="features/org.eclipse.mylyn.hudson_1.16.0.v20180403-2055/" plugin-identifier="org.eclipse.mylyn.builds.core">
		</feature>
		<feature id="org.eclipse.mylyn.team_feature" version="3.24.2.v20180905-0014" url="features/org.eclipse.mylyn.team_feature_3.24.2.v20180905-0014/" plugin-identifier="org.eclipse.mylyn.context.core">
		</feature>
		<feature id="org.eclipse.mylyn.tasks.ide" version="3.24.2.v20180905-0003" url="features/org.eclipse.mylyn.tasks.ide_3.24.2.v20180905-0003/" plugin-identifier="org.eclipse.mylyn.tasks.core">
		</feature>
		<feature id="org.eclipse.wst.common_ui.feature" version="3.10.0.v201811170421" url="features/org.eclipse.wst.common_ui.feature_3.10.0.v201811170421/">
		</feature>
		<feature id="org.eclipse.epp.logging.aeri.feature" version="2.0.7.v20180504-0806" url="features/org.eclipse.epp.logging.aeri.feature_2.0.7.v20180504-0806/">
		</feature>
		<feature id="org.eclipse.wst.xml_userdoc.feature" version="3.11.0.v201901100226" url="features/org.eclipse.wst.xml_userdoc.feature_3.11.0.v201901100226/">
		</feature>
		<feature id="org.eclipse.epp.package.java.feature" version="4.11.0.20190314-1200" url="features/org.eclipse.epp.package.java.feature_4.11.0.20190314-1200/" plugin-identifier="org.eclipse.epp.package.java">
		</feature>
		<feature id="org.eclipse.mylyn.discovery" version="3.24.2.v20180904-2231" url="features/org.eclipse.mylyn.discovery_3.24.2.v20180904-2231/" plugin-identifier="org.eclipse.mylyn.commons.core">
		</feature>
		<feature id="org.eclipse.wst.xml_ui.feature" version="3.13.0.v201903050402" url="features/org.eclipse.wst.xml_ui.feature_3.13.0.v201903050402/" plugin-identifier="org.eclipse.wst.xml.ui">
		</feature>
		<feature id="org.eclipse.mylyn.commons" version="3.24.2.v20180904-2231" url="features/org.eclipse.mylyn.commons_3.24.2.v20180904-2231/" plugin-identifier="org.eclipse.mylyn.commons.core">
		</feature>
		<feature id="org.eclipse.ecf.filetransfer.ssl.feature" version="1.1.100.v20180301-0132" url="features/org.eclipse.ecf.filetransfer.ssl.feature_1.1.100.v20180301-0132/">
		</feature>
		<feature id="org.eclipse.wst.xml_core.feature" version="3.13.0.v201901310548" url="features/org.eclipse.wst.xml_core.feature_3.13.0.v201901310548/">
		</feature>
		<feature id="org.eclipse.mylyn.builds" version="1.16.0.v20180905-1907" url="features/org.eclipse.mylyn.builds_1.16.0.v20180905-1907/" plugin-identifier="org.eclipse.mylyn.builds.core">
		</feature>
		<feature id="org.eclipse.equinox.p2.core.feature" version="1.6.100.v20190218-2100" url="features/org.eclipse.equinox.p2.core.feature_1.6.100.v20190218-2100/">
		</feature>
		<feature id="org.eclipse.m2e.feature" version="1.11.0.20190220-2119" url="features/org.eclipse.m2e.feature_1.11.0.20190220-2119/" plugin-identifier="org.eclipse.m2e.core">
		</feature>
		<feature id="org.eclipse.mylyn.bugzilla_feature" version="3.24.2.v20180905-0003" url="features/org.eclipse.mylyn.bugzilla_feature_3.24.2.v20180905-0003/" plugin-identifier="org.eclipse.mylyn.tasks.core">
		</feature>
		<feature id="org.eclipse.help" version="2.2.500.v20190307-0500" url="features/org.eclipse.help_2.2.500.v20190307-0500/" plugin-identifier="org.eclipse.help.base">
		</feature>
		<feature id="org.eclipse.emf.ecore" version="2.17.0.v20190116-0940" url="features/org.eclipse.emf.ecore_2.17.0.v20190116-0940/">
		</feature>
		<feature id="org.eclipse.jgit" version="5.3.0.201903130848-r" url="features/org.eclipse.jgit_5.3.0.201903130848-r/">
		</feature>
		<feature id="org.eclipse.mylyn.git" version="1.16.0.v20170629-1738" url="features/org.eclipse.mylyn.git_1.16.0.v20170629-1738/" plugin-identifier="org.eclipse.mylyn.versions.core">
		</feature>
		<feature id="org.eclipse.mylyn.monitor" version="3.24.2.v20180904-2231" url="features/org.eclipse.mylyn.monitor_3.24.2.v20180904-2231/" plugin-identifier="org.eclipse.mylyn.commons.core">
		</feature>
		<feature id="org.eclipse.mylyn.wikitext.editors_feature" version="3.0.25.201806201740" url="features/org.eclipse.mylyn.wikitext.editors_feature_3.0.25.201806201740/" plugin-identifier="org.eclipse.mylyn.wikitext">
		</feature>
		<feature id="org.eclipse.mylyn_feature" version="3.24.2.v20180905-0003" url="features/org.eclipse.mylyn_feature_3.24.2.v20180905-0003/" plugin-identifier="org.eclipse.mylyn.tasks.core">
		</feature>
		<feature id="org.eclipse.wst.common_core.feature" version="3.10.0.v201811122225" url="features/org.eclipse.wst.common_core.feature_3.10.0.v201811122225/">
		</feature>
		<feature id="org.eclipse.mylyn.context_feature" version="3.24.2.v20180905-0014" url="features/org.eclipse.mylyn.context_feature_3.24.2.v20180905-0014/" plugin-identifier="org.eclipse.mylyn.context.core">
		</feature>
		<feature id="org.eclipse.mylyn.java_feature" version="3.24.2.v20180905-0014" url="features/org.eclipse.mylyn.java_feature_3.24.2.v20180905-0014/" plugin-identifier="org.eclipse.mylyn.context.core">
		</feature>
		<feature id="org.eclipse.ecf.filetransfer.feature" version="3.14.4.v20181013-2146" url="features/org.eclipse.ecf.filetransfer.feature_3.14.4.v20181013-2146/">
		</feature>
		<feature id="org.eclipse.mylyn.versions" version="1.16.0.v20170629-1738" url="features/org.eclipse.mylyn.versions_1.16.0.v20170629-1738/" plugin-identifier="org.eclipse.mylyn.versions.core">
		</feature>
	</site>
</config>
